,labels
ERR1914197,dog
ERR1914272,dog
ERR1914092,dog
ERR1914908,dog
ERR1914999,dog
ERR1914572,dog
ERR1914926,dog
ERR1914242,dog
ERR1914475,dog
ERR1914938,dog
ERR1914917,dog
ERR1914619,dog
ERR1914543,dog
ERR1914476,dog
ERR1914069,dog
ERR1914108,dog
ERR1914652,dog
ERR1914484,dog
ERR1914073,dog
ERR1914029,dog
ERR1914262,dog
ERR1914800,dog
ERR1914850,dog
ERR1914978,dog
ERR1914553,dog
ERR1914227,dog
ERR1914065,dog
ERR1914397,dog
ERR1914070,dog
ERR1914166,dog
ERR1914913,dog
ERR1914812,dog
ERR1914263,dog
ERR1914034,dog
ERR1914102,dog
ERR1914411,dog
ERR1914618,dog
ERR1914003,dog
ERR1914844,dog
ERR1914206,dog
ERR1914894,dog
ERR1914609,dog
ERR1914236,dog
ERR1914843,dog
ERR1914602,dog
ERR1914723,dog
ERR1914897,dog
ERR1914778,dog
ERR1914011,dog
ERR2102825,human
ERR2197834,human
ERR2197829,human
ERR2102814,human
ERR2197818,human
ERR2102818,human
ERR2197820,human
ERR2102823,human
ERR2102810,human
ERR2102821,human
ERR2102812,human
ERR2102809,human
ERR2197827,human
ERR2197816,human
ERR2197830,human
ERR2197835,human
ERR2102815,human
ERR2197817,human
ERR2197826,human
ERR2197833,human
ERR2102824,human
ERR2102813,human
ERR2197832,human
ERR2197822,human
ERR2197823,human
ERR2102811,human
ERR2197824,human
ERR2197825,human
ERR2197828,human
ERR2102817,human
ERR2102820,human
ERR2102822,human
ERR2197831,human
ERR2102807,human
ERR2197821,human
ERR2102819,human
ERR2102808,human
ERR2197819,human
ERR2102806,human
ERR2102816,human
ERR1135436,pig
ERR1135452,pig
ERR1135466,pig
ERR1135422,pig
ERR1135271,pig
ERR1135294,pig
ERR1135461,pig
ERR1135298,pig
ERR1135213,pig
ERR1135421,pig
ERR1135221,pig
ERR1135344,pig
ERR1135260,pig
ERR1135323,pig
ERR1135285,pig
ERR1135220,pig
ERR1135389,pig
ERR1135397,pig
ERR1135470,pig
ERR1135382,pig
ERR1135305,pig
ERR1135370,pig
ERR1135286,pig
ERR1135432,pig
ERR1135265,pig
ERR1135232,pig
ERR1135295,pig
ERR1135431,pig
ERR1135302,pig
ERR1135336,pig
ERR1135355,pig
ERR1135357,pig
ERR1135301,pig
ERR1135312,pig
ERR1135445,pig
ERR1135228,pig
ERR1135402,pig
ERR1135227,pig
ERR1135460,pig
ERR1135193,pig
ERR1135353,pig
ERR1135450,pig
ERR1135198,pig
ERR1135183,pig
ERR1135418,pig
ERR1135257,pig
ERR1135224,pig
ERR1135274,pig
ERR1135190,pig
ERR1135335,pig
ERR1135330,pig
ERR1135292,pig
ERR1135192,pig
